Type,SKU,Name,Published,"Is featured?","Visibility in catalog","Short description",Description,"Date sale price starts","Date sale price ends","Tax status","Tax class","In stock?",Stock,"Low stock amount","Backorders allowed?","Sold individually?","Weight (g)","Length (cm)","Width (cm)","Height (cm)","Allow customer reviews?","Purchase note","Sale price","Regular price",Categories,Tags,"Shipping class",Images,"Download limit","Download expiry days",Parent,"Grouped products",Upsells,Cross-sells,"External URL","Button text",Position
simple,,"659ParkerRob Christmas Ornaments,Puerto Rico Beach Ornaments Ceramic,Christmas Decorations Indoor Tree, Couples Kids Circle",1,0,visible,," 
funny christmas ornaments ",,,taxable,,1,,,0,0,0,,,,1,,,13.00,shopify,,,https://cdn.shopify.com/s/files/1/0257/1724/3958/products/41rt0F1kiZL._AC.jpg?v=1574683842,,,,,,,,,0
simple,,"659ParkerRob Christmas Ornaments, FBI Emblem Christmas Ornaments Tree Decoration,Keepsake,Birthday,Annivesary,Xmas Gifts,Home Decor",1,0,visible,," 
funny christmas ornaments ",,,taxable,,1,,,0,0,0,,,,1,,,15.00,shopify,,,https://cdn.shopify.com/s/files/1/0257/1724/3958/products/41Dr-IZkOUL._AC.jpg?v=1574683923,,,,,,,,,0
simple,,"100X50 Mm Food Allergy Warning Sticker Peanut Shellfish Cafe Takeaway Restaurant Warning Stickers Lables,Self Adhesive Vinyl,",1,0,visible,,,,,taxable,,1,,,0,0,0,,,,1,,,11.00,shopify,,,https://cdn.shopify.com/s/files/1/0257/1724/3958/products/51luuIaE5GL._AC.jpg?v=1574683952,,,,,,,,,0
simple,,"659ParkerRob Fire Wife Vinyl Decal Auto Decal Firefighter Fire Car Decal Truck Decal Window Sticker Girlfriend Wifey Mom Fire Dept Fireman",1,0,visible,," 
car bumper stickers ",,,taxable,,1,,,0,0,0,,,,1,,,14.50,shopify,,,https://cdn.shopify.com/s/files/1/0257/1724/3958/products/41BU-9QWrhL._AC.jpg?v=1574684015,,,,,,,,,0
simple,,"659ParkerRob Christmas Ornaments, Kappa Alpha Theta Star Ceramic Christmas Ornaments for Christmas Tree Decoration,, Keepsake,New Couples",1,0,visible,," 
funny christmas ornaments ",,,taxable,,1,,,0,0,0,,,,1,,,12.00,shopify,,,https://cdn.shopify.com/s/files/1/0257/1724/3958/products/31QxKDMDFUL._AC.jpg?v=1574684049,,,,,,,,,0
simple,,"200Mmx66Mm Boiler Room Sign Stickers,Warning Stickers Lables,Self Adhesive Vinyl,Safety Notice Caution Sign Decals",1,0,visible,,,,,taxable,,1,,,0,0,0,,,,1,,,12.00,shopify,,,https://cdn.shopify.com/s/files/1/0257/1724/3958/products/31vN0alV9uL._AC.jpg?v=1574684072,,,,,,,,,0
simple,,"659ParkerRob Christmas Ornaments, Glacier National Park Star Ceramic Christmas Ornaments Christmas Tree Decoration, Keepsake, Couples",1,0,visible,," 
funny christmas ornaments ",,,taxable,,1,,,0,0,0,,,,1,,,12.00,shopify,,,https://cdn.shopify.com/s/files/1/0257/1724/3958/products/41tzgrCOs3L._AC.jpg?v=1574684214,,,,,,,,,0
simple,,"659ParkerRob Christmas Ornaments, Port Aransas Beach in Texas Christmas Ornaments Tree Decoration,Keepsake,Birthday,Annivesary,Xmas Gifts,Home Decor",1,0,visible,," 
funny christmas ornaments ",,,taxable,,1,,,0,0,0,,,,1,,,14.50,shopify,,,https://cdn.shopify.com/s/files/1/0257/1724/3958/products/419aPG7507L._AC.jpg?v=1574684373,,,,,,,,,0
simple,,"659ParkerRob Christmas Ornaments,Destin Florida Beach Photograph Ornaments Ceramic,Christmas Decorations Indoor for Tree, for New Couples,for Kids Heart",1,0,visible,," 
funny christmas ornaments ",,,taxable,,1,,,0,0,0,,,,1,,,15.00,shopify,,,https://cdn.shopify.com/s/files/1/0257/1724/3958/products/41O7kZUCsKL._AC.jpg?v=1574684377,,,,,,,,,0
simple,,"659ParkerRob Llama Wall Decals You are Llamazing Quote Decal Alpaca Stickers Llama Wall Art Alpaca Wall Decor Home Decor Vinyl Lettering",1,0,visible,," 
wall decals ",,,taxable,,1,,,0,0,0,,,,1,,,21.00,shopify,,,https://cdn.shopify.com/s/files/1/0257/1724/3958/products/71ME5GXRYaL._AC_SL1082.jpg?v=1574684449,,,,,,,,,0
simple,,"675ParkerRob Christmas Ornaments,Magician Wand and Top Hat Trick Christmas Ornaments,Ceramic,Christmas Tree Decoration,Porcelain Hanging,Xmas Gifts,Birthday,for Mom,for Dad,Kids",1,0,visible,," 
funny christmas ornaments ",,,taxable,,1,,,0,0,0,,,,1,,,15.00,shopify,,,https://cdn.shopify.com/s/files/1/0257/1724/3958/products/31jTAKAWUDL._AC.jpg?v=1574764524,,,,,,,,,0
simple,,"659ParkerRob Christmas Ornaments, Sigma Nu Gold Letters Star Ceramic Christmas Ornaments for Christmas Tree Decoration,, Keepsake,New Couples",1,0,visible,," 
funny christmas ornaments ",,,taxable,,1,,,0,0,0,,,,1,,,12.00,shopify,,,https://cdn.shopify.com/s/files/1/0257/1724/3958/products/41uAItO11IL._AC.jpg?v=1574764617,,,,,,,,,0
simple,,"659ParkerRob Christmas Ornaments, Lassen Volcanic National Park Star Ceramic Christmas Ornaments for Christmas Tree Decoration,, Keepsake,New Couples",1,0,visible,," 
funny christmas ornaments ",,,taxable,,1,,,0,0,0,,,,1,,,12.00,shopify,,,https://cdn.shopify.com/s/files/1/0257/1724/3958/products/411l5XIWCpL._AC.jpg?v=1574764704,,,,,,,,,0
simple,,"6""Personalized Custom Wood Cake Topper With Your Last Name,Mr and Mrs Cake Topper",1,0,visible,," 
This custom cake topper makes the perfect finishing touch on the wedding,birthday and party cake. make of 1""(2.5mm)wood can custom any text according to customers request,Please make sure to provide all information you need when order. ",,,taxable,,1,,,0,0,0,,,,1,,,18.00,shopify,,,"https://cdn.shopify.com/s/files/1/0257/1724/3958/products/51E7WTeL8rL._AC.jpg?v=1574764840,https://cdn.shopify.com/s/files/1/0257/1724/3958/products/61Fe3X_2BaDWL._AC_SL1040_68185a0a-d60b-49e4-a1f2-a4ed8683601c.jpg?v=1574764843,https://cdn.shopify.com/s/files/1/0257/1724/3958/products/8126lQz1N4L._AC_SL1500_244eaa7b-7d95-4f1b-b603-6bb63c7e994e.jpg?v=1574764845",,,,,,,,,0
simple,,"3D Tree Wedding Guest Book Alternative,Wooden Hearts Wedding Guest Book,Custom Guestbook,Wedding Guest Book Rustic Personalized",1,0,visible,," 
This beautiful 3d wedding guest book alternative gives a unique touch to your wedding. Your guests sign the hearts and then you can actually put this wall art into a frame and hang it in your home to enjoy for years to come. It will become a beautiful memory that will last forever ",,,taxable,,1,,,0,0,0,,,,1,,,40.00,shopify,,,"https://cdn.shopify.com/s/files/1/0257/1724/3958/products/91As9IXkaeL._AC_SL1500.jpg?v=1575285712,https://cdn.shopify.com/s/files/1/0257/1724/3958/products/51KMGz-PRWL._AC.jpg?v=1575285714",,,,,,,,,0
simple,,"A Cat and Its Servants Live Here Rustic Wood Signs Funny Hanging Signs for Home Decor Wall Plaque 20x30cm Home Accessory Gift Sign",1,0,visible,," 
Funny rustic wood signs for home decorwood wall plauque decorhome accessory gift wood signs ",,,taxable,,1,,,0,0,0,,,,1,,,13.00,shopify,,,https://cdn.shopify.com/s/files/1/0257/1724/3958/products/51rml14iixL._AC.jpg?v=1575285946,,,,,,,,,0
simple,,"3D Tree of Life Wedding Guest Book Alternative with Heart Personalized for Country Rustic Wedding Decor",1,0,visible,," 
This beautiful 3d wedding guest book alternative gives a unique touch to your wedding. Your guests sign the hearts and then you can actually put this wall art into a frame and hang it in your home to enjoy for years to come. It will become a beautiful memory that will last forever ",,,taxable,,1,,,0,0,0,,,,1,,,40.00,shopify,,,"https://cdn.shopify.com/s/files/1/0257/1724/3958/products/51CEu-wC48L._AC.jpg?v=1575286123,https://cdn.shopify.com/s/files/1/0257/1724/3958/products/51BwF-zMCuL._AC.jpg?v=1575286125",,,,,,,,,0
simple,,"3D Tree Wedding Guest Book Alternative Wood Rustic Personalized Name Custom Date with Heart Unique Wedding Gifts for The Couples Purple",1,0,visible,,"
  Color:
 Purple 
 
 
This beautiful 3d wedding guest book alternative gives a unique touch to your wedding. Your guests sign the hearts and then you can actually put this wall art into a frame and hang it in your home to enjoy for years to come. It will become a beautiful memory that will last forever ",,,taxable,,1,,,0,0,0,,,,1,,,40.00,shopify,,,"https://cdn.shopify.com/s/files/1/0257/1724/3958/products/917aQChWe6L._AC_SL1500.jpg?v=1575286148,https://cdn.shopify.com/s/files/1/0257/1724/3958/products/61nfF5e3yLL.jpg?v=1575286150,https://cdn.shopify.com/s/files/1/0257/1724/3958/products/51_2B3Hu8aUhL.jpg?v=1575286152",,,,,,,,,0
simple,,"""Forever in My Heart"" Locket Necklace That Holds Pictures in Sterling Silver - 3/4 Inch X 3/4 Inch - Includes 18 inch Cable Chain",1,0,visible,," 
?? Locket necklace that holds pictures. Add your favorite photos + Includes 18 inch Sterling Silver Cable Chain. ?? This Locket necklace size is 3/4 inch x 3/4 inch. This Heart shaped Locket is .925 Solid Sterling Silver and holds 2 photos. We ONLY use the highest quality Silver to make our lockets. ?? The front side of this locket is engraved - in high-definition engraving - with Forever In My Heart in the center of the Locket. This Locket is the perfect gift for any occasion - Mother's Day, Birthdays, Christmas, Valentine's Day, Anniversaries... Everything! The front of this Locket is engraved with the phrase 'Forever In My Heart' in the center of the locket. The engraving is high-definition and will never tarnish or fade. ?? This Locket comes with a photo laser engraved on the left hand side! ?? This sterling silver Locket is 100% Nickel-free. ?? This locket includes a 100% free Gift Box with every order. Should you wish to give this locket as a gift it is very easy, if you are buying this locket for yourself the box can make an excellent storage box for when you are not wearing your locket. ",,,taxable,,1,,,0,0,0,,,,1,,,44.95,shopify,,,"https://cdn.shopify.com/s/files/1/0257/1724/3958/products/51GgNzfsTTL._AC_UL1000.jpg?v=1575447881,https://cdn.shopify.com/s/files/1/0257/1724/3958/products/61IJNEQzYrL._AC_UL1000.jpg?v=1575447884,https://cdn.shopify.com/s/files/1/0257/1724/3958/products/616Vn7x2i5L._AC_UL1000.jpg?v=1575447886,https://cdn.shopify.com/s/files/1/0257/1724/3958/products/61P5rgEEIWL._AC_UL1000.jpg?v=1575447888",,,,,,,,,0
simple,,"6MM Personalized Inspirational Bracelets Custom Engraved Name Mantra Quote Any Message Bangle Cuff Customizable",1,0,visible,," 
Fanery Sue Customizable Cuff Bangles can be engraved with your meaningful/special message. You can even customize symbols at the cuff opening on both sides!Have your name or a loved ones name, vows, memorial date, inspirational word, motto etc. close to you at all times by customizing this personalized bracelet.It can be a sweet personal gift for you and loved one. A lovely gift for your wife, girlfriend, loved one or a special treat just for yourself. How to Customize?Choose the color option and click""Customize Now"". Choose font, font color and enter your custom text. If you have any question about the personalization information please feel free to contact us. Maintainance:Stainless Steel is very easy to maintain. Avoid strong acid and alkali. Wipe it with soft cloth. Wash with water if it gets dirty.Fanery Sue--Offer the most heart-selected gifts for you!After Sale Service: We always try our best to satisfy every one of our customer. If you have any problem/question with the product, please do not hesitate to contact us. We believe that all problems can be solved. ",,,taxable,,1,,,0,0,0,,,,1,,,13.99,shopify,,,"https://cdn.shopify.com/s/files/1/0257/1724/3958/products/61MwtcQi4hL._AC_UL1500.jpg?v=1575448456,https://cdn.shopify.com/s/files/1/0257/1724/3958/products/616lZsagqHL._AC.jpg?v=1575448458,https://cdn.shopify.com/s/files/1/0257/1724/3958/products/61kGTYCO_2B7L._AC_UL1200.jpg?v=1575448460,https://cdn.shopify.com/s/files/1/0257/1724/3958/products/710DU-UHKjL._AC_UL1500.jpg?v=1575448462,https://cdn.shopify.com/s/files/1/0257/1724/3958/products/61L1e0mhR6L._AC_UL1200.jpg?v=1575448464,https://cdn.shopify.com/s/files/1/0257/1724/3958/products/51lEddI0DTL._AC_UL1200.jpg?v=1575448466,https://cdn.shopify.com/s/files/1/0257/1724/3958/products/41F6070EyNL.jpg?v=1575448468,https://cdn.shopify.com/s/files/1/0257/1724/3958/products/31qb3YnP88L.jpg?v=1575448471,https://cdn.shopify.com/s/files/1/0257/1724/3958/products/31zh0qbfgBL.jpg?v=1575448473,https://cdn.shopify.com/s/files/1/0257/1724/3958/products/41YAoGhiRmL.jpg?v=1575448475,https://cdn.shopify.com/s/files/1/0257/1724/3958/products/41XI_2BVNwS2L.jpg?v=1575448477",,,,,,,,,0
